id,code,name,genericName,category,form,strength,uom,requiresErx:boolean,stockQty:number,reorderLevel:number,basePrice:number,taxPct:number,status
I001,ITM-PAR500,Panadol 500 mg tablets (24),Paracetamol,Drug,Tablet,500 mg,Pack,false,420,100,12,0,Active
I002,ITM-AMOX500,Amoxil 500 mg capsules (21),Amoxicillin,Drug,Capsule,500 mg,Pack,true,180,50,38,0,Active
I003,ITM-AUG1G,Augmentin 1 g tablets (14),Amoxicillin + clavulanic acid,Drug,Tablet,1 g,Pack,true,95,40,72,0,Active
I004,ITM-IBU400,Brufen 400 mg tablets (30),Ibuprofen,Drug,Tablet,400 mg,Pack,false,300,80,18,0,Active
I005,ITM-OMP20,Losec 20 mg capsules (14),Omeprazole,Drug,Capsule,20 mg,Pack,true,140,40,55,0,Active
I006,ITM-ATOR20,Lipitor 20 mg tablets (30),Atorvastatin,Drug,Tablet,20 mg,Pack,true,60,30,140,0,Active
I007,ITM-MET500,Glucophage 500 mg tablets (50),Metformin,Drug,Tablet,500 mg,Pack,true,210,60,24,0,Active
I008,ITM-VENT,Ventolin inhaler 200 doses,Salbutamol,Drug,Inhaler,100 mcg,Each,true,45,20,35,0,Active
I009,ITM-CET10,Zyrtec 10 mg tablets (10),Cetirizine,Drug,Tablet,10 mg,Pack,false,160,40,29,0,Active
I010,ITM-HUM40,Humira 40 mg pre-filled pen,Adalimumab,Drug,Injection,40 mg,Each,true,6,4,4200,0,Active
I011,ITM-DICL,Voltaren emulgel 50 g,Diclofenac,Drug,Gel,1%,Tube,true,70,25,42,0,Active
I012,ITM-GAUZE,Sterile gauze pack,,Consumable,,,Pack,false,900,200,6,5,Active
I013,ITM-SYR5,Syringe 5 ml,,Consumable,,,Each,false,1200,300,3,5,Active
I014,ITM-CAST4,Fiberglass cast roll 4 in,,Consumable,,,Roll,false,80,30,45,5,Active
I015,ITM-KNEEB,Hinged knee brace,,Orthotic,,,Each,false,12,5,380,5,Active
