id,mrn,firstName,lastName,gender,dob,phone,email,nationalId,nationality,address,allergies,status,createdAt
PT00001,MRN000101,Ahmed,Al Mansoori,Male,1986-04-12,+971 50 123 4567,ahmed.m@example.com,784-1986-1234567-1,Emirati,"Villa 12, Al Barsha 2, Dubai",Penicillin,Active,2025-02-10T08:12:00.000Z
PT00002,MRN000102,Maria,Santos,Female,1979-09-03,+971 55 987 6543,maria.santos@example.com,784-1979-7654321-2,Filipino,"Apt 804, Marina Heights, Dubai",,Active,2025-03-22T10:40:00.000Z
PT00003,MRN000103,Rajesh,Iyer,Male,1962-01-28,+971 52 445 1122,rajesh.iyer@example.com,784-1962-4455667-3,Indian,"Al Nahda 1, Dubai",Sulfa drugs,Active,2025-04-05T07:55:00.000Z
PT00004,MRN000104,Omar,Haddad,Male,1998-11-19,+971 56 222 3344,omar.h@example.com,784-1998-2233445-4,Jordanian,"JLT Cluster D, Dubai",,Active,2025-05-17T12:05:00.000Z
PT00005,MRN000105,Emily,Clarke,Female,1990-06-30,+971 58 765 4321,emily.clarke@example.com,784-1990-8877665-5,British,"Arabian Ranches, Dubai",Latex,Active,2025-06-01T09:30:00.000Z
PT00006,MRN000106,Hessa,Al Suwaidi,Female,1971-02-14,+971 50 334 5566,hessa.s@example.com,784-1971-3344556-6,Emirati,"Mirdif, Dubai",,Active,2025-07-08T11:20:00.000Z
PT00007,MRN000107,Yusuf,Karimi,Male,2019-08-21,+971 54 888 1212,karimi.family@example.com,784-2019-5566778-7,Iranian,"Al Qusais, Dubai",Peanuts,Active,2025-08-14T06:45:00.000Z
PT00008,MRN000108,Chen,Wei,Male,1983-12-05,+971 55 101 2020,chen.wei@example.com,784-1983-9988776-8,Chinese,"Business Bay, Dubai",,Active,2025-09-02T13:10:00.000Z
PT00009,MRN000109,Layla,Nasser,Female,1995-03-17,+971 56 606 7070,layla.n@example.com,784-1995-1122334-9,Lebanese,"Jumeirah 3, Dubai",,Active,2025-10-20T08:00:00.000Z
PT00010,MRN000110,Daniel,Okafor,Male,1988-07-09,+971 52 909 1818,d.okafor@example.com,784-1988-6655443-0,Nigerian,"Silicon Oasis, Dubai",,Active,2025-11-11T15:25:00.000Z
