id,patientId,payerId,tpaId,planId,networkId,memberId,policyNo,validFrom,validTo,relation,isPrimary:boolean,status
POL00001,PT00001,PY001,T001,PL001,N001,GSI-10045812,POL-GSI-88120,2026-01-01,2026-12-31,Self,true,Active
POL00002,PT00002,PY002,T002,PL003,N004,ORH-55120034,POL-ORH-10231,2026-01-01,2027-06-30,Self,true,Active
POL00003,PT00003,PY003,T003,PL004,N005,NHP-77100452,NHP-2025-0452,2025-07-01,2027-06-30,Self,true,Active
POL00004,PT00004,PY001,T001,PL002,N003,GSI-10077233,POL-GSI-90412,2026-01-01,2026-12-31,Self,true,Active
POL00005,PT00005,PY004,T002,PL005,N006,SKY-CR-00817,SKY-CREW-2026,2026-01-01,2026-12-31,Self,true,Active
POL00006,PT00006,PY001,T001,PL001,N002,GSI-10033019,POL-GSI-77001,2026-01-01,2026-12-31,Self,true,Active
POL00007,PT00007,PY002,T002,PL003,N004,ORH-55120035,POL-ORH-10231,2026-01-01,2027-06-30,Child,true,Active
POL00008,PT00008,PY001,T001,PL002,N003,GSI-10099120,POL-GSI-66013,2025-01-01,2025-12-31,Self,true,Active
POL00009,PT00008,PY003,T003,PL004,N005,NHP-77100990,NHP-2025-0990,2025-07-01,2027-06-30,Self,false,Active
