id,priceListId,code,price:number,covered:boolean,priorAuth:boolean
PLI0001,PL-GSI,SRV-CON-GP,220,true,false
PLI0002,PL-GSI,SRV-CON-SP,350,true,false
PLI0003,PL-GSI,SRV-RAD-MRIKN,2000,true,true
PLI0004,PL-GSI,ITM-HUM40,3900,true,true
PLI0005,PL-GSI,SRV-LAB-VITD,220,false,false
PLI0006,PL-GSI,ITM-CET10,29,false,false
PLI0007,PL-ORH,SRV-CON-GP,230,true,false
PLI0008,PL-ORH,SRV-RAD-MRIKN,2100,true,true
PLI0009,PL-ORH,SRV-PT-SESS,230,true,true
PLI0010,PL-NHP,SRV-CON-GP,180,true,false
PLI0011,PL-NHP,SRV-CON-SP,300,true,false
PLI0012,PL-NHP,ITM-HUM40,3600,true,true
PLI0013,PL-CASH,SRV-CON-FU,150,false,false
