id,code,name,providerType,gender,departmentId,specialtyId,licenseNo,licenseExpiry,phone,email,consultationServiceCode,status
P001,DR-SH,Dr. Sara Haddad,Doctor,Female,D001,S001,DHA-P-10231,2027-06-30,+971 50 200 1001,sara.haddad@alnoor-health.ae,SRV-CON-GP,Active
P002,DR-OR,Dr. Omar Rahman,Doctor,Male,D001,S002,DHA-P-10232,2027-03-31,+971 50 200 1002,omar.rahman@alnoor-health.ae,SRV-CON-SP,Active
P003,DR-LJ,Dr. Leena Joseph,Doctor,Female,D002,S003,DHA-P-10233,2026-12-31,+971 50 200 1003,leena.joseph@alnoor-health.ae,SRV-CON-SP,Active
P004,DR-KN,Dr. Karim Nasser,Doctor,Male,D003,S004,DHA-P-10234,2028-01-31,+971 50 200 1004,karim.nasser@alnoor-health.ae,SRV-CON-SP,Active
P005,DR-AF,Dr. Aisha Farooq,Doctor,Female,D004,S006,DHA-P-10235,2027-09-30,+971 50 200 1005,aisha.farooq@alnoor-health.ae,SRV-CON-SP,Active
P006,DR-VM,Dr. Victor Mendes,Lab Doctor,Male,D006,S008,DHA-P-10236,2027-05-31,+971 50 200 1006,victor.mendes@alnoor-health.ae,,Active
P007,NR-RS,Rania Saleh,Nurse,Female,D009,S011,DHA-N-20411,2027-02-28,+971 50 200 1007,rania.saleh@alnoor-health.ae,,Active
P008,NR-JM,Joel Mathew,Nurse,Male,D009,S011,DHA-N-20412,2026-11-30,+971 50 200 1008,joel.mathew@alnoor-health.ae,,Active
P009,PH-PN,Priya Nair,Pharmacist,Female,D008,S010,DHA-PH-3301,2027-08-31,+971 50 200 1009,priya.nair@alnoor-health.ae,,Active
P010,PH-HQ,Hassan Qureshi,Pharmacist,Male,D008,S010,DHA-PH-3302,2027-04-30,+971 50 200 1010,hassan.qureshi@alnoor-health.ae,,Active
P011,PT-MK,Maya Khoury,Physiotherapist,Female,D005,S007,DHA-PT-5510,2027-10-31,+971 50 200 1011,maya.khoury@alnoor-health.ae,SRV-PT-EVAL,Active
P012,TC-AK,Anil Kumar,Technician,Male,D007,S009,DHA-T-7702,2027-01-31,+971 50 200 1012,anil.kumar@alnoor-health.ae,,Active
P013,RC-FA,Fatima Al Ali,Receptionist,Female,D010,,,,+971 50 200 1013,fatima.alali@alnoor-health.ae,,Active
P014,DR-YD,Dr. Yusuf Demir,Doctor,Male,D003,S005,DHA-P-10237,2027-12-31,+971 50 200 1014,yusuf.demir@alnoor-health.ae,SRV-CON-SP,Active
P015,RC-NB,Noura Bakri,Receptionist,Female,D010,,,,+971 50 200 1015,noura.bakri@alnoor-health.ae,,Active
