id,resourceId,days,startTime,endTime,slotMinutes:number,validFrom,validTo,status
RS001,R001,Mon|Tue|Wed|Thu|Fri|Sat|Sun,08:00,13:00,15,2025-01-01,2027-12-31,Active
RS002,R001,Mon|Tue|Wed|Thu,16:00,20:00,15,2025-01-01,2027-12-31,Active
RS003,R002,Mon|Tue|Wed|Thu|Fri|Sun,09:00,17:00,20,2025-01-01,2027-12-31,Active
RS004,R003,Sun|Mon|Tue|Wed|Thu,08:00,14:00,15,2025-01-01,2027-12-31,Active
RS005,R004,Mon|Tue|Wed|Thu|Fri|Sat|Sun,10:00,18:00,20,2025-01-01,2027-12-31,Active
RS006,R005,Tue|Thu|Sat,09:00,15:00,15,2025-01-01,2027-12-31,Active
RS007,R006,Mon|Tue|Wed|Thu|Fri|Sat|Sun,08:00,16:00,30,2025-01-01,2027-12-31,Active
RS008,R007,Mon|Tue|Wed|Thu|Fri|Sat|Sun,08:00,20:00,15,2025-01-01,2027-12-31,Active
RS009,R008,Mon|Tue|Wed|Thu|Fri,08:00,18:00,45,2025-01-01,2027-12-31,Active
RS010,R009,Sun|Mon|Tue|Wed|Thu,12:00,20:00,20,2025-01-01,2027-12-31,Active
