id,code,name,resourceType,providerId,departmentId,status
R001,RS-SH,Dr. Sara Haddad,Provider,P001,D001,Active
R002,RS-OR,Dr. Omar Rahman,Provider,P002,D001,Active
R003,RS-LJ,Dr. Leena Joseph,Provider,P003,D002,Active
R004,RS-KN,Dr. Karim Nasser,Provider,P004,D003,Active
R005,RS-AF,Dr. Aisha Farooq,Provider,P005,D004,Active
R006,RS-MK,Maya Khoury (Physio),Provider,P011,D005,Active
R007,RS-XR1,X-ray room 1,Room,,D007,Active
R008,RS-MRI,MRI suite,Equipment,,D007,Active
R009,RS-YD,Dr. Yusuf Demir,Provider,P014,D003,Active
