id,code,name,category,departmentId,basePrice:number,durationMin:number,status
V001,SRV-CON-GP,General practitioner consultation,Consultation,D001,250,15,Active
V002,SRV-CON-SP,Specialist consultation,Consultation,D001,400,20,Active
V003,SRV-CON-FU,Follow-up consultation,Consultation,D001,150,10,Active
V004,SRV-LAB-CBC,Complete blood count,Laboratory,D006,90,0,Active
V005,SRV-LAB-HBA1C,HbA1c,Laboratory,D006,120,0,Active
V006,SRV-LAB-LIPID,Lipid profile,Laboratory,D006,150,0,Active
V007,SRV-LAB-VITD,Vitamin D (25-OH),Laboratory,D006,220,0,Active
V008,SRV-LAB-CRP,C-reactive protein,Laboratory,D006,80,0,Active
V009,SRV-RAD-XCH,Chest X-ray (PA view),Radiology,D007,180,15,Active
V010,SRV-RAD-XKN,Knee X-ray (2 views),Radiology,D007,220,15,Active
V011,SRV-RAD-MRIKN,MRI knee without contrast,Radiology,D007,2400,45,Active
V012,SRV-RAD-USAB,Ultrasound abdomen,Radiology,D007,550,30,Active
V013,SRV-PT-EVAL,Physiotherapy evaluation,Physiotherapy,D005,300,45,Active
V014,SRV-PT-SESS,Physiotherapy session,Physiotherapy,D005,250,30,Active
V015,SRV-PRC-DRS,Wound dressing,Procedure,D009,120,15,Active
V016,SRV-PRC-INJ,IM injection administration,Nursing,D009,60,10,Active
V017,SRV-PRC-ECG,ECG 12-lead,Procedure,D001,150,15,Active
V018,SRV-PRC-CAST,Below-knee cast application,Procedure,D003,650,30,Active
